{
  "_format": "hh-sol-cache-2",
  "files": {
    "/Users/sharjeelbokhari/Documents/FAST/Semester7/blockchain/ether-donation-dapp/contracts/donation.sol": {
      "lastModificationDate": 1702490042632,
      "contentHash": "7a30243356843a430b7e02ef7117f7a7",
      "sourceName": "contracts/donation.sol",
      "solcConfig": {
        "version": "0.8.0",
        "settings": {
          "optimizer": {
            "enabled": false,
            "runs": 200
          },
          "outputSelection": {
            "*": {
              "*": [
                "abi",
                "evm.bytecode",
                "evm.deployedBytecode",
                "evm.methodIdentifiers",
                "metadata"
              ],
              "": [
                "ast"
              ]
            }
          }
        }
      },
      "imports": [],
      "versionPragmas": [
        "^0.8.0"
      ],
      "artifacts": [
        "Donation"
      ]
    }
  }
}
